<?xml version="1.0" encoding="UTF-8"?>

<databaseChangeLog
        xmlns="http://www.liquibase.org/xml/ns/dbchangelog"
        xmlns:xsi="http://www.w3.org/2001/XMLSchema-instance"
        xmlns:ext="http://www.liquibase.org/xml/ns/dbchangelog-ext"
        xsi:schemaLocation="http://www.liquibase.org/xml/ns/dbchangelog http://www.liquibase.org/xml/ns/dbchangelog/dbchangelog-3.8.xsd
        http://www.liquibase.org/xml/ns/dbchangelog-ext http://www.liquibase.org/xml/ns/dbchangelog/dbchangelog-ext.xsd">

    <changeSet id="admin_Table" author="Hitesh">
        <createTable tableName="admin">
            <column name="id" type="int">
                <constraints nullable="false"/>
            </column>
            <column name="admin_email" type="varchar(300)">
                <constraints primaryKey="true" nullable="false"/>
            </column>
            <column name="admin_password" type="varchar(300)">
                <constraints nullable="false"/>
            </column>
            <column name="admin_name" type="varchar(300)">
                <constraints nullable="false"/>
            </column>
        </createTable>
        <createSequence sequenceName="admin_seq" startValue="1" incrementBy="1" cacheSize="1"/>
    </changeSet>

    <changeSet id="courses" author="Hitesh">
        <createTable tableName="courses">
            <column name="semesters" type="varchar(400)">
                <constraints nullable="false"/>
            </column>
            <column name="course" type="varchar(100)">
                <constraints primaryKey="true" nullable="false"/>
            </column>
        </createTable>
        <createSequence sequenceName="course_seq" startValue="1" incrementBy="1" cacheSize="1"/>
    </changeSet>

    <changeSet id="addTeacher" author="Hitesh">
        <createTable tableName="addteacher">
            <column name="email" type="varchar(300)">
                <constraints nullable="false" primaryKey="true"/>
            </column>
            <column name="name" type="varchar(300)">
                <constraints nullable="false"/>
            </column>
            <column name="password" type="varchar(300)">
                <constraints nullable="false"/>
            </column>
            <column name="course" type="varchar(300)">
                <constraints nullable="false"/>
            </column>
            <column name="gender" type="varchar(50)">
                <constraints nullable="false"/>
            </column>
        </createTable>
    </changeSet>
</databaseChangeLog>